<BackupInst xmlns="http://www.microsoft.com/GroupPolicy/GPOOperations/Manifest"><GPOGuid><![CDATA[{49A7BBB2-96A8-4808-ACC6-2202A3B2192B}]]></GPOGuid><GPODomain><![CDATA[cheese.com]]></GPODomain><GPODomainGuid><![CDATA[{0d3fe538-7489-46c2-ba07-1916f1adad8c}]]></GPODomainGuid><GPODomainController><![CDATA[DC01.cheese.com]]></GPODomainController><BackupTime><![CDATA[2019-02-09T01:23:24]]></BackupTime><ID><![CDATA[{3F150E67-ABFC-4A9C-A9E4-1C8F49F5A5B6}]]></ID><Comment><![CDATA[]]></Comment><GPODisplayName><![CDATA[DC_Audit]]></GPODisplayName></BackupInst>
