<Backups xmlns="http://www.microsoft.com/GroupPolicy/GPOOperations/Manifest" xmlns:mfst="http://www.microsoft.com/GroupPolicy/GPOOperations/Manifest" mfst:version="1.0"><BackupInst xmlns="http://www.microsoft.com/GroupPolicy/GPOOperations/Manifest"><GPOGuid><![CDATA[{079E08EE-3898-4337-A35C-4EB40AA755B2}]]></GPOGuid><GPODomain><![CDATA[dundermifflin.com]]></GPODomain><GPODomainGuid><![CDATA[{8faf560a-44dd-4193-a2ba-ce155c713494}]]></GPODomainGuid><GPODomainController><![CDATA[DC01.dundermifflin.com]]></GPODomainController><BackupTime><![CDATA[2019-01-19T22:11:09]]></BackupTime><ID><![CDATA[{65500D6A-E4F9-420C-9FA8-F9570C73D263}]]></ID><Comment><![CDATA[]]></Comment><GPODisplayName><![CDATA[Firewall]]></GPODisplayName></BackupInst><BackupInst><GPOGuid><![CDATA[{11D01C3A-1858-4764-B42D-2135EB06368A}]]></GPOGuid><GPODomain><![CDATA[dundermifflin.com]]></GPODomain><GPODomainGuid><![CDATA[{8faf560a-44dd-4193-a2ba-ce155c713494}]]></GPODomainGuid><GPODomainController><![CDATA[DC01.dundermifflin.com]]></GPODomainController><BackupTime><![CDATA[2019-01-17T13:36:25]]></BackupTime><ID><![CDATA[{5E8CB269-6C24-4205-82DB-91F0763F26C1}]]></ID><Comment><![CDATA[]]></Comment><GPODisplayName><![CDATA[Domain_overall]]></GPODisplayName></BackupInst><BackupInst><GPOGuid><![CDATA[{B906552A-6581-4E8A-8911-4613B7628FBC}]]></GPOGuid><GPODomain><![CDATA[dundermifflin.com]]></GPODomain><GPODomainGuid><![CDATA[{8faf560a-44dd-4193-a2ba-ce155c713494}]]></GPODomainGuid><GPODomainController><![CDATA[DC01.dundermifflin.com]]></GPODomainController><BackupTime><![CDATA[2019-01-17T13:36:20]]></BackupTime><ID><![CDATA[{1852DC4A-0869-48A8-8E14-3A5E0E23A041}]]></ID><Comment><![CDATA[]]></Comment><GPODisplayName><![CDATA[Domain_Member_Audit]]></GPODisplayName></BackupInst><BackupInst><GPOGuid><![CDATA[{F41B2496-4447-4D12-833E-AF0C0AE9E222}]]></GPOGuid><GPODomain><![CDATA[dundermifflin.com]]></GPODomain><GPODomainGuid><![CDATA[{8faf560a-44dd-4193-a2ba-ce155c713494}]]></GPODomainGuid><GPODomainController><![CDATA[DC01.dundermifflin.com]]></GPODomainController><BackupTime><![CDATA[2019-01-17T13:36:13]]></BackupTime><ID><![CDATA[{27B7390A-0423-4BAA-9233-0C0247C1BF30}]]></ID><Comment><![CDATA[]]></Comment><GPODisplayName><![CDATA[DC_Audit]]></GPODisplayName></BackupInst><BackupInst><GPOGuid><![CDATA[{9AEAA9A5-9053-4570-9CCC-1FA6D5A2C24D}]]></GPOGuid><GPODomain><![CDATA[dundermifflin.com]]></GPODomain><GPODomainGuid><![CDATA[{8faf560a-44dd-4193-a2ba-ce155c713494}]]></GPODomainGuid><GPODomainController><![CDATA[DC01.dundermifflin.com]]></GPODomainController><BackupTime><![CDATA[2019-01-17T13:36:04]]></BackupTime><ID><![CDATA[{E61FBF89-2953-4848-99B0-8ED176F9306F}]]></ID><Comment><![CDATA[]]></Comment><GPODisplayName><![CDATA[2012_Member_Security]]></GPODisplayName></BackupInst><BackupInst><GPOGuid><![CDATA[{7D9D0661-B1FD-4A0F-A5CC-1423289D323A}]]></GPOGuid><GPODomain><![CDATA[dundermifflin.com]]></GPODomain><GPODomainGuid><![CDATA[{8faf560a-44dd-4193-a2ba-ce155c713494}]]></GPODomainGuid><GPODomainController><![CDATA[DC01.dundermifflin.com]]></GPODomainController><BackupTime><![CDATA[2019-01-17T13:35:17]]></BackupTime><ID><![CDATA[{2F1B31C9-858D-4065-B811-9A12C245D5EE}]]></ID><Comment><![CDATA[]]></Comment><GPODisplayName><![CDATA[2012_DC_Security]]></GPODisplayName></BackupInst></Backups>