<BackupInst xmlns="http://www.microsoft.com/GroupPolicy/GPOOperations/Manifest"><GPOGuid><![CDATA[{8663116D-1376-4FC3-A5BC-050F745D4E0A}]]></GPOGuid><GPODomain><![CDATA[cheese.com]]></GPODomain><GPODomainGuid><![CDATA[{0d3fe538-7489-46c2-ba07-1916f1adad8c}]]></GPODomainGuid><GPODomainController><![CDATA[DC01.cheese.com]]></GPODomainController><BackupTime><![CDATA[2019-02-09T01:23:19]]></BackupTime><ID><![CDATA[{79F3547C-A2FB-4D0E-9110-325C8845A681}]]></ID><Comment><![CDATA[]]></Comment><GPODisplayName><![CDATA[2012_Member_Security]]></GPODisplayName></BackupInst>
