<BackupInst xmlns="http://www.microsoft.com/GroupPolicy/GPOOperations/Manifest"><GPOGuid><![CDATA[{0C8B71C3-9B87-4AA9-BF0E-D8379E88C7ED}]]></GPOGuid><GPODomain><![CDATA[spaceforcex.net]]></GPODomain><GPODomainGuid><![CDATA[{ee6983a5-5646-411a-9098-d64ac7eb5284}]]></GPODomainGuid><GPODomainController><![CDATA[WINAD01.spaceforcex.net]]></GPODomainController><BackupTime><![CDATA[2019-02-10T01:23:11]]></BackupTime><ID><![CDATA[{05D9BFB4-566E-4F1A-B51E-B04AB46F3068}]]></ID><Comment><![CDATA[]]></Comment><GPODisplayName><![CDATA[2012_Member_Security]]></GPODisplayName></BackupInst>
