<BackupInst xmlns="http://www.microsoft.com/GroupPolicy/GPOOperations/Manifest"><GPOGuid><![CDATA[{BE9CF20D-87CB-4E57-81D3-0EBDCC9A158D}]]></GPOGuid><GPODomain><![CDATA[spaceforcex.net]]></GPODomain><GPODomainGuid><![CDATA[{ee6983a5-5646-411a-9098-d64ac7eb5284}]]></GPODomainGuid><GPODomainController><![CDATA[WINAD01.spaceforcex.net]]></GPODomainController><BackupTime><![CDATA[2019-02-10T01:23:33]]></BackupTime><ID><![CDATA[{A8133539-397A-44D9-A29C-67BAB0B9189A}]]></ID><Comment><![CDATA[]]></Comment><GPODisplayName><![CDATA[Domain_Overall]]></GPODisplayName></BackupInst>
