<BackupInst xmlns="http://www.microsoft.com/GroupPolicy/GPOOperations/Manifest"><GPOGuid><![CDATA[{F164E06A-AC89-4232-BC31-A50FDCC37A9D}]]></GPOGuid><GPODomain><![CDATA[cheese.com]]></GPODomain><GPODomainGuid><![CDATA[{0d3fe538-7489-46c2-ba07-1916f1adad8c}]]></GPODomainGuid><GPODomainController><![CDATA[DC01.cheese.com]]></GPODomainController><BackupTime><![CDATA[2019-02-07T22:27:03]]></BackupTime><ID><![CDATA[{89B36A33-B27A-47BA-8F5A-3D67982CC994}]]></ID><Comment><![CDATA[]]></Comment><GPODisplayName><![CDATA[2012_DC_Security]]></GPODisplayName></BackupInst>
