<BackupInst xmlns="http://www.microsoft.com/GroupPolicy/GPOOperations/Manifest"><GPOGuid><![CDATA[{4324D8A0-52A0-436F-99F6-B300BC108DA2}]]></GPOGuid><GPODomain><![CDATA[cheese.com]]></GPODomain><GPODomainGuid><![CDATA[{0d3fe538-7489-46c2-ba07-1916f1adad8c}]]></GPODomainGuid><GPODomainController><![CDATA[DC01.cheese.com]]></GPODomainController><BackupTime><![CDATA[2019-02-09T01:23:29]]></BackupTime><ID><![CDATA[{FE43E83D-F450-4E8E-AD10-26A5CE0BE757}]]></ID><Comment><![CDATA[]]></Comment><GPODisplayName><![CDATA[Domain_Member_Audit]]></GPODisplayName></BackupInst>
