<BackupInst xmlns="http://www.microsoft.com/GroupPolicy/GPOOperations/Manifest"><GPOGuid><![CDATA[{4324D8A0-52A0-436F-99F6-B300BC108DA2}]]></GPOGuid><GPODomain><![CDATA[cheese.com]]></GPODomain><GPODomainGuid><![CDATA[{0d3fe538-7489-46c2-ba07-1916f1adad8c}]]></GPODomainGuid><GPODomainController><![CDATA[DC01.cheese.com]]></GPODomainController><BackupTime><![CDATA[2019-02-07T22:27:26]]></BackupTime><ID><![CDATA[{AB276C31-A6D0-48C5-8F5B-023EE7FF5C6A}]]></ID><Comment><![CDATA[]]></Comment><GPODisplayName><![CDATA[Domain_Member_Audit]]></GPODisplayName></BackupInst>
