<BackupInst xmlns="http://www.microsoft.com/GroupPolicy/GPOOperations/Manifest"><GPOGuid><![CDATA[{271B237B-458E-4B89-A91D-B580616DAF51}]]></GPOGuid><GPODomain><![CDATA[spaceforcex.net]]></GPODomain><GPODomainGuid><![CDATA[{ee6983a5-5646-411a-9098-d64ac7eb5284}]]></GPODomainGuid><GPODomainController><![CDATA[WINAD01.spaceforcex.net]]></GPODomainController><BackupTime><![CDATA[2019-02-10T01:23:18]]></BackupTime><ID><![CDATA[{03F03C08-CA2C-4724-9662-8DC5D5A334B1}]]></ID><Comment><![CDATA[]]></Comment><GPODisplayName><![CDATA[DC_Audit]]></GPODisplayName></BackupInst>
