<BackupInst xmlns="http://www.microsoft.com/GroupPolicy/GPOOperations/Manifest"><GPOGuid><![CDATA[{F164E06A-AC89-4232-BC31-A50FDCC37A9D}]]></GPOGuid><GPODomain><![CDATA[cheese.com]]></GPODomain><GPODomainGuid><![CDATA[{0d3fe538-7489-46c2-ba07-1916f1adad8c}]]></GPODomainGuid><GPODomainController><![CDATA[DC01.cheese.com]]></GPODomainController><BackupTime><![CDATA[2019-02-09T01:23:08]]></BackupTime><ID><![CDATA[{15EE8F91-CE84-47FD-A489-EC34A34F0B74}]]></ID><Comment><![CDATA[]]></Comment><GPODisplayName><![CDATA[2012_DC_Security]]></GPODisplayName></BackupInst>
